{
  "kemtls_handshake": {
    "component_times": {
      "cert_validation": 0.008099199971184134,
      "pdk_lookup": 4.700035788118839e-06
    },
    "modes": {
      "kemtls": {
        "latency_s": {
          "avg": 0.0011142669967375695,
          "median": 0.0009643500088714063,
          "p95": 0.0019149700208799909
        },
        "total_bytes": 11094
      },
      "kemtls_pdk": {
        "latency_s": {
          "avg": 0.0007134189980570227,
          "median": 0.0006141499907243997,
          "p95": 0.0014982549764681605
        },
        "total_bytes": 4959
      },
      "pqtls_simulated": {
        "latency_s": {
          "avg": 0.0015429910004604607,
          "median": 0.0013205499853938818,
          "p95": 0.0027424200117820863
        },
        "total_bytes": 12000
      }
    }
  },
  "oidc_flow_s": {
    "kemtls": {
      "authorize": {
        "avg": 0.008334540001815185,
        "median": 0.007261899998411536,
        "p95": 0.010215209986199625
      },
      "token": {
        "avg": 0.003844709999393672,
        "median": 0.0034152999869547784,
        "p95": 0.006725794984959066
      },
      "resource": {
        "avg": 0.0073680399992736055,
        "median": 0.006927000009454787,
        "p95": 0.010373300002538598
      },
      "refresh": {
        "avg": 0.002627149000763893,
        "median": 0.0023099999816622585,
        "p95": 0.005216029993607662
      },
      "total_login": {
        "avg": 0.012179250001208857,
        "median": 0.011032449983758852,
        "p95": 0.014745084982132539
      }
    },
    "kemtls_pdk": {
      "authorize": {
        "avg": 0.006759957002359442,
        "median": 0.006638749968260527,
        "p95": 0.008651010025641882
      },
      "token": {
        "avg": 0.003462837000261061,
        "median": 0.0030302999657578766,
        "p95": 0.006354929995723069
      },
      "resource": {
        "avg": 0.006726794999558479,
        "median": 0.00643760000821203,
        "p95": 0.008789775014156474
      },
      "refresh": {
        "avg": 0.002631329997093417,
        "median": 0.002302699984284118,
        "p95": 0.0047386100370204074
      },
      "total_login": {
        "avg": 0.010222794002620503,
        "median": 0.010035600018454716,
        "p95": 0.013728500020806677
      }
    }
  },
  "crypto_timings_s": {
    "id_token_signing": {
      "avg": 0.0010626810014946386,
      "median": 0.0005965499731246382,
      "p95": 0.0018892950378358363
    },
    "jwt_verification": {
      "avg": 0.000187889997032471,
      "median": 0.00016080000204965472,
      "p95": 0.00036816000356338914
    },
    "jwks_generation": {
      "avg": 3.2652000663802026e-05,
      "median": 2.649999805726111e-05,
      "p95": 6.656503828708082e-05
    }
  },
  "sizes_bytes": {
    "id_token_base_bytes": 4581,
    "access_token_bound_bytes": 4665,
    "binding_overhead_bytes": 84,
    "jwks_size_bytes": 2673,
    "oidc_metadata_size_bytes": 405
  },
  "protocol_sizes": {
    "pqtls_bytes": 12000,
    "kemtls_bytes": 11094,
    "kemtls_pdk_bytes": 4959,
    "savings_kemtls_vs_pqtls_percent": 7.55,
    "savings_kemtls_pdk_vs_pqtls_percent": 58.67
  }
}