{
  "kemtls_handshake": {
    "component_times": {
      "cert_validation": 0.034799300017766654,
      "pdk_lookup": 2.700020559132099e-06
    },
    "modes": {
      "kemtls": {
        "latency_s": {
          "avg": 0.0006664920033654198,
          "median": 0.0006390500348061323,
          "p95": 0.000775705010164529
        },
        "total_bytes": 11094
      },
      "kemtls_pdk": {
        "latency_s": {
          "avg": 0.0004080650012474507,
          "median": 0.0003989000106230378,
          "p95": 0.0004555950290523469
        },
        "total_bytes": 4959
      },
      "pqtls_simulated": {
        "latency_s": {
          "avg": 0.0009644619975006207,
          "median": 0.0008719000034034252,
          "p95": 0.0013834649871569125
        },
        "total_bytes": 12000
      }
    }
  },
  "oidc_flow_s": {
    "kemtls": {
      "authorize": {
        "avg": 0.006947008993593045,
        "median": 0.0032493499747943133,
        "p95": 0.0052065049792872735
      },
      "token": {
        "avg": 0.0040859710006043316,
        "median": 0.003838949982309714,
        "p95": 0.005790360027458518
      },
      "resource": {
        "avg": 0.003644466999103315,
        "median": 0.0034614999894984066,
        "p95": 0.004696200016769577
      },
      "refresh": {
        "avg": 0.0041731109959073365,
        "median": 0.003952049999497831,
        "p95": 0.005835185013711453
      },
      "total_login": {
        "avg": 0.011032979994197376,
        "median": 0.007356800022535026,
        "p95": 0.010953534982400015
      }
    },
    "kemtls_pdk": {
      "authorize": {
        "avg": 0.003168447000789456,
        "median": 0.0029773499991279095,
        "p95": 0.004467545018997043
      },
      "token": {
        "avg": 0.003703703002538532,
        "median": 0.003502649982692674,
        "p95": 0.005075084994314238
      },
      "resource": {
        "avg": 0.003374120997032151,
        "median": 0.0032226000039372593,
        "p95": 0.004730814998038112
      },
      "refresh": {
        "avg": 0.0037707640044391155,
        "median": 0.0035655499959830195,
        "p95": 0.0054493700270541005
      },
      "total_login": {
        "avg": 0.006872150003327988,
        "median": 0.006618399987928569,
        "p95": 0.009385350064258087
      }
    }
  },
  "crypto_timings_s": {
    "id_token_signing": {
      "avg": 0.00045083500386681406,
      "median": 0.0003668500285129994,
      "p95": 0.001026279994403012
    },
    "jwt_verification": {
      "avg": 0.00012460399710107595,
      "median": 0.00011239998275414109,
      "p95": 0.0001472349889809264
    },
    "jwks_generation": {
      "avg": 1.749699644278735e-05,
      "median": 1.5400000847876072e-05,
      "p95": 2.8949990519322454e-05
    }
  },
  "sizes_bytes": {
    "id_token_base_bytes": 4581,
    "access_token_bound_bytes": 4665,
    "binding_overhead_bytes": 84,
    "jwks_size_bytes": 2673,
    "oidc_metadata_size_bytes": 405
  },
  "protocol_sizes": {
    "pqtls_bytes": 12000,
    "kemtls_bytes": 11094,
    "kemtls_pdk_bytes": 4959,
    "savings_kemtls_vs_pqtls_percent": 7.55,
    "savings_kemtls_pdk_vs_pqtls_percent": 58.67
  }
}