run_id,concurrency,throughput_req_sec,avg_latency_ms
580ffe15,1,1358.5363564172328,0.622616596869193
580ffe15,5,1091.7233179236978,0.8904606008436531
580ffe15,10,1010.9721821762022,1.7281186997424811
580ffe15,25,1316.0989302263795,2.7177790004061535
580ffe15,50,1314.8590380567794,0.9124225988052785
580ffe15,100,1205.4161760028835,1.219252398237586
