{
  "oidc_flow_s": {
    "kemtls": {
      "authorize": {
        "avg": 0.07687889999942854,
        "median": 0.07687889999942854,
        "p95": 0.07687889999942854
      },
      "token": {
        "avg": 0.0037173000164330006,
        "median": 0.0037173000164330006,
        "p95": 0.0037173000164330006
      },
      "resource": {
        "avg": 0.005625399993732572,
        "median": 0.005625399993732572,
        "p95": 0.005625399993732572
      },
      "refresh": {
        "avg": 0.0022586999693885446,
        "median": 0.0022586999693885446,
        "p95": 0.0022586999693885446
      },
      "total_login": {
        "avg": 0.08059620001586154,
        "median": 0.08059620001586154,
        "p95": 0.08059620001586154
      },
      "authorize_warmup_trimmed": 0
    },
    "kemtls_pdk": {
      "authorize": {
        "avg": 0.004419000004418194,
        "median": 0.004419000004418194,
        "p95": 0.004419000004418194
      },
      "token": {
        "avg": 0.002620499988552183,
        "median": 0.002620499988552183,
        "p95": 0.002620499988552183
      },
      "resource": {
        "avg": 0.004218399990350008,
        "median": 0.004218399990350008,
        "p95": 0.004218399990350008
      },
      "refresh": {
        "avg": 0.0014485000283457339,
        "median": 0.0014485000283457339,
        "p95": 0.0014485000283457339
      },
      "total_login": {
        "avg": 0.007039499992970377,
        "median": 0.007039499992970377,
        "p95": 0.007039499992970377
      },
      "authorize_warmup_trimmed": 0
    }
  }
}