{
  "kemtls": [
    {
      "authorize_s": 0.07687889999942854,
      "token_s": 0.0037173000164330006,
      "resource_s": 0.005625399993732572,
      "refresh_s": 0.0022586999693885446,
      "total_login_s": 0.08059620001586154
    }
  ],
  "kemtls_pdk": [
    {
      "authorize_s": 0.004419000004418194,
      "token_s": 0.002620499988552183,
      "resource_s": 0.004218399990350008,
      "refresh_s": 0.0014485000283457339,
      "total_login_s": 0.007039499992970377
    }
  ]
}